{
  "cartas" : {
    "-Mw6--nIVrAKswbl6aGT" : {
      "categoria" : "Blanco",
      "eliminada" : false,
      "enStock" : true,
      "id" : "-Mw6--nIVrAKswbl6aGT",
      "nombre" : "Adeline resplendent Cathar",
      "precio" : 12.55,
      "url" : "https://firebasestorage.googleapis.com/v0/b/prototipoappfinalad.appspot.com/o/tienda%2Fcartas%2F-Mw6--nIVrAKswbl6aGT?alt=media&token=9ea17b1b-2917-46b9-a7b9-7f69d7ea7801"
    },
    "-Mw6-7zftFs6pW-iYO1p" : {
      "categoria" : "Verde",
      "eliminada" : false,
      "enStock" : true,
      "id" : "-Mw6-7zftFs6pW-iYO1p",
      "nombre" : "Ambioutus Farmland",
      "precio" : 0.99,
      "url" : "https://firebasestorage.googleapis.com/v0/b/prototipoappfinalad.appspot.com/o/tienda%2Fcartas%2F-Mw6-7zftFs6pW-iYO1p?alt=media&token=5dcbea51-6c67-40fe-b13a-78ab34f90bd5"
    },
    "-Mw6-FXbi4_lWBb7p6VS" : {
      "categoria" : "Blanco",
      "eliminada" : false,
      "enStock" : true,
      "id" : "-Mw6-FXbi4_lWBb7p6VS",
      "nombre" : "Brutal Cathar",
      "precio" : 4.99,
      "url" : "https://firebasestorage.googleapis.com/v0/b/prototipoappfinalad.appspot.com/o/tienda%2Fcartas%2F-Mw6-FXbi4_lWBb7p6VS?alt=media&token=ae489eba-4089-4cd6-a9af-adf6de163983"
    },
    "-Mw6-MEgM_KzMm68xfPY" : {
      "categoria" : "Blanco",
      "eliminada" : false,
      "enStock" : true,
      "id" : "-Mw6-MEgM_KzMm68xfPY",
      "nombre" : "Candle Trap",
      "precio" : 7.99,
      "url" : "https://firebasestorage.googleapis.com/v0/b/prototipoappfinalad.appspot.com/o/tienda%2Fcartas%2F-Mw6-MEgM_KzMm68xfPY?alt=media&token=f033a3fa-0af7-4d74-8718-b625118eae94"
    },
    "-Mw6-U7ooNHWV-cjzPcu" : {
      "categoria" : "Blanco",
      "eliminada" : false,
      "enStock" : true,
      "id" : "-Mw6-U7ooNHWV-cjzPcu",
      "nombre" : "Celestia Sanctifier",
      "precio" : 1.1,
      "url" : "https://firebasestorage.googleapis.com/v0/b/prototipoappfinalad.appspot.com/o/tienda%2Fcartas%2F-Mw6-U7ooNHWV-cjzPcu?alt=media&token=5093f58e-7a10-4756-a974-fd0598d8a65a"
    },
    "-Mw6-c4kHbLfogErhpte" : {
      "categoria" : "Verde",
      "eliminada" : false,
      "enStock" : true,
      "id" : "-Mw6-c4kHbLfogErhpte",
      "nombre" : "Curse Of Silence",
      "precio" : 0.88,
      "url" : "https://firebasestorage.googleapis.com/v0/b/prototipoappfinalad.appspot.com/o/tienda%2Fcartas%2F-Mw6-c4kHbLfogErhpte?alt=media&token=200f2798-bc0d-4db8-ae12-3cfbfc5787a6"
    },
    "-Mw6-nHjQnVW_TdHcMfX" : {
      "categoria" : "Blanco",
      "eliminada" : false,
      "enStock" : false,
      "id" : "-Mw6-nHjQnVW_TdHcMfX",
      "nombre" : "Gavoni Trapper",
      "precio" : 20.99,
      "url" : "https://firebasestorage.googleapis.com/v0/b/prototipoappfinalad.appspot.com/o/tienda%2Fcartas%2F-Mw6-nHjQnVW_TdHcMfX?alt=media&token=5dfc336c-6fc7-423a-b7db-4551c26670e1"
    },
    "-Mw6-xBiWfaF8HDCun2q" : {
      "categoria" : "Azul",
      "eliminada" : false,
      "enStock" : false,
      "id" : "-Mw6-xBiWfaF8HDCun2q",
      "nombre" : "Loyal Gryff",
      "precio" : 5.3,
      "url" : "https://firebasestorage.googleapis.com/v0/b/prototipoappfinalad.appspot.com/o/tienda%2Fcartas%2F-Mw6-xBiWfaF8HDCun2q?alt=media&token=75c5cede-00c1-4f60-b826-081db805730e"
    },
    "-Mw603Of7FEtQZBB9EQO" : {
      "categoria" : "Blanco",
      "eliminada" : false,
      "enStock" : false,
      "id" : "-Mw603Of7FEtQZBB9EQO",
      "nombre" : "DuelCraft Trainer",
      "precio" : 0.99,
      "url" : "https://firebasestorage.googleapis.com/v0/b/prototipoappfinalad.appspot.com/o/tienda%2Fcartas%2F-Mw603Of7FEtQZBB9EQO?alt=media&token=43af26e6-ceef-45cc-8575-5b78a869cad7"
    },
    "-Mw609rY_8EQrylJiBzr" : {
      "categoria" : "Blanco",
      "eliminada" : false,
      "enStock" : false,
      "id" : "-Mw609rY_8EQrylJiBzr",
      "nombre" : "Clarion Cathars",
      "precio" : 8.97,
      "url" : "https://firebasestorage.googleapis.com/v0/b/prototipoappfinalad.appspot.com/o/tienda%2Fcartas%2F-Mw609rY_8EQrylJiBzr?alt=media&token=ff5514ad-db49-4237-9d67-4f4c975da0cc"
    }
  },
  "eventos" : {
    "-Mw60hg3J4JeO6u5AOg7" : {
      "aforoActual" : 0,
      "aforoTotal" : 25,
      "fecha" : "02/18/2022",
      "id" : "-Mw60hg3J4JeO6u5AOg7",
      "nombre" : "Inauguracion de la tienda",
      "precio" : 0,
      "url" : "https://firebasestorage.googleapis.com/v0/b/prototipoappfinalad.appspot.com/o/tienda%2Feventos%2F-Mw60hg3J4JeO6u5AOg7?alt=media&token=d55615de-69f0-44d7-95f9-484ea4f07142"
    },
    "-Mw60uZif2frXUnkyWbs" : {
      "aforoActual" : 0,
      "aforoTotal" : 50,
      "fecha" : "02/28/2022",
      "id" : "-Mw60uZif2frXUnkyWbs",
      "nombre" : "Torneo municipal temporary 1",
      "precio" : 2.5,
      "url" : "https://firebasestorage.googleapis.com/v0/b/prototipoappfinalad.appspot.com/o/tienda%2Feventos%2F-Mw60uZif2frXUnkyWbs?alt=media&token=085d5db6-6c43-4945-91f1-91676f191b56"
    },
    "-Mw618v0a5RQPlaxNn9q" : {
      "aforoActual" : 0,
      "aforoTotal" : 50,
      "fecha" : "03/15/2022",
      "id" : "-Mw618v0a5RQPlaxNn9q",
      "nombre" : "Torneo municipal temporada 2",
      "precio" : 4.95,
      "url" : "https://firebasestorage.googleapis.com/v0/b/prototipoappfinalad.appspot.com/o/tienda%2Feventos%2F-Mw618v0a5RQPlaxNn9q?alt=media&token=16444b92-6278-4a87-8ebd-054948a316ee"
    },
    "-Mw61NwG474U3234UxGW" : {
      "aforoActual" : 0,
      "aforoTotal" : 270,
      "fecha" : "12/10/2022",
      "id" : "-Mw61NwG474U3234UxGW",
      "nombre" : "Gran Final Comarcal",
      "precio" : 19.99,
      "url" : "https://firebasestorage.googleapis.com/v0/b/prototipoappfinalad.appspot.com/o/tienda%2Feventos%2F-Mw61NwG474U3234UxGW?alt=media&token=268af73c-ce14-43a0-99de-9f997748fb51"
    }
  },
  "reserva_cartas" : {
    "-Mw62eNGUU5etBGxQ7sq" : {
      "estado" : 0,
      "id" : "-Mw62eNGUU5etBGxQ7sq",
      "idCarta" : "-Mw6-7zftFs6pW-iYO1p",
      "idUsuario" : "-Mw620UOAsH0kBCRxfs6",
      "ts" : "1645090864318"
    },
    "-Mw62n17ENOL6eyMbB0o" : {
      "estado" : 1,
      "id" : "-Mw62n17ENOL6eyMbB0o",
      "idCarta" : "-Mw6-MEgM_KzMm68xfPY",
      "idUsuario" : "-Mw620UOAsH0kBCRxfs6",
      "ts" : "1645090899765"
    },
    "-Mw62pcoTF2YrZds6FbM" : {
      "estado" : 1,
      "id" : "-Mw62pcoTF2YrZds6FbM",
      "idCarta" : "-Mw6-c4kHbLfogErhpte",
      "idUsuario" : "-Mw620UOAsH0kBCRxfs6",
      "ts" : "1645090910433"
    },
    "-Mw62qZO7oKJrYClJ5VD" : {
      "estado" : 1,
      "id" : "-Mw62qZO7oKJrYClJ5VD",
      "idCarta" : "-Mw6-c4kHbLfogErhpte",
      "idUsuario" : "-Mw620UOAsH0kBCRxfs6",
      "ts" : "1645090914246"
    },
    "-Mw62sN2BzwT3DglM3gv" : {
      "estado" : 1,
      "id" : "-Mw62sN2BzwT3DglM3gv",
      "idCarta" : "-Mw6-c4kHbLfogErhpte",
      "idUsuario" : "-Mw620UOAsH0kBCRxfs6",
      "ts" : "1645090921648"
    },
    "-Mw62tQff9xhZ-H7HpNm" : {
      "estado" : 1,
      "id" : "-Mw62tQff9xhZ-H7HpNm",
      "idCarta" : "-Mw6--nIVrAKswbl6aGT",
      "idUsuario" : "-Mw620UOAsH0kBCRxfs6",
      "ts" : "1645090925976"
    },
    "-Mw62u6ekXsQpNQR6eK1" : {
      "estado" : 1,
      "id" : "-Mw62u6ekXsQpNQR6eK1",
      "idCarta" : "-Mw6-FXbi4_lWBb7p6VS",
      "idUsuario" : "-Mw620UOAsH0kBCRxfs6",
      "ts" : "1645090928791"
    }
  },
  "reserva_eventos" : {
    "\"-Mw2xjmgUgt51r0LVJRmrr\"" : {
      "id" : "-Mw2xjmgUgt51r0LVJRmrr",
      "idEvento" : "-Mw2xjmgUgt51r0LVJRm",
      "idUsuario" : "-MvP03ftVqQRPOYfepsO"
    }
  },
  "usuarios" : {
    "-MvP-2WVQi62X7GgMpQ3" : {
      "contrasenia" : "admin",
      "id" : "-MvP-2WVQi62X7GgMpQ3",
      "tipo" : 1,
      "usuario" : "admin"
    },
    "-Mw620UOAsH0kBCRxfs6" : {
      "contrasenia" : "123",
      "correo" : "miguel@gmail.com",
      "id" : "-Mw620UOAsH0kBCRxfs6",
      "tipo" : 0,
      "url" : "https://firebasestorage.googleapis.com/v0/b/prototipoappfinalad.appspot.com/o/tienda%2Fusuarios%2F-Mw620UOAsH0kBCRxfs6?alt=media&token=838df86b-ae6f-429b-a9db-eb6aeba1896b",
      "usuario" : "miguel"
    }
  }
}
